Country,Male Including NMSC Number,Male Including NMSC Rate,Male Excluding NMSC Number, Male Excluding NMSC Rate,Female Including NMSC Number,Female Including NMSC Rate,Female Excluding NMSC Number,Female Excluding NMSC Rate
ÿAustralia,"116,363",514.3,"80,960",344.4,"95,969",415.2,"70,569",303.8
ÿNew Zealand,"20,562",473.4,"14,766",325.4,"17,595",386.3,"12,785",277.3
ÿUnited States,"1,283,898",401.7,"930,417",312.1,"1,096,291",341.7,"902,133",299.6
ÿHungary,"34,250",395.9,"32,450",377.2,"32,090",298.8,"30,059",285.5
ÿDenmark,"25,826",394,"23,038",363.4,"23,014",361.2,"20,926",340.8
ÿLithuania,"9,245",391.3,"9,091",386.4,"7,168",224,"7,028",221.9
ÿIreland,"17,252",386.9,"14,407",333.2,"13,990",307.5,"12,477",283.5
ÿFrance,"263,339",386.4,"234,479",355.1,"220,229",301,"200,635",285.5
ÿNorway,"21,733",383.6,"20,189",362.7,"18,572",337.6,"17,260",322.5
ÿCroatia,"15,607",367.3,"14,957",356.8,"13,202",277,"12,555",271.4
ÿCanada,"153,660",365.9,"119,086",298.6,"138,438",441.8,"112,988",289.8
ÿLatvia,"5,908",364,"5,754",354.9,"5,550",249.4,"5,328",241.4
ÿBelarus,"24,933",360.5,"24,321",351.9,"21,469",223.6,"20,698",218.5
ÿEstonia,"4,214",356.4,"4,091",347.9,"3,836",237.9,"3,726",234.4
ÿNetherlands,"69,570",350.8,"60,845",317.4,"62,749",336.2,"55,379",310.6
ÿBelgium,"43,645",350.8,"38,869",322,"37,487",306.6,"33,811",287.9
ÿSlovakia,"16,698",346.8,"15,956",332.8,"14,215",238,"13,317",228.6
ÿSlovenia,"7,838",343.7,"7,463",331.3,"6,564",275.5,"6,256",268.9
ÿPortugal,"37,865",342.7,"36,152",331,"31,702",258.5,"30,448",252.6
ÿGuadeloupe,"1,312",340.2,"1,271",328.5,811,184.2,771,177.7
ÿSweden,"37,869",334.8,"33,658",309.3,"31,392",289.1,"28,136",271.4
ÿRomania,"57,311",330.8,"54,859",318.5,"47,350",238.1,"45,612",232.3
ÿÿSwitzerland,"31,996",329.9,"26,188",282.9,"26,334",260.2,"21,965",230.8
ÿUnited Kingdom,"242,245",327.7,"217,526",302.7,"212,709",292.5,"199,955",281.9
ÿNew Caledonia,631,325.3,616,317.9,518,256.9,507,252.1
ÿUruguay,"8,579",322.3,"7,919",299.1,"8,238",253.2,"7,745",240.2
ÿSpain,"158,410",319.9,"149,854",307.1,"120,319",238,"114,674",232.1
ÿCzech Republic,"35,033",317.5,"32,448",299.5,"30,643",254.9,"28,659",244.6
ÿItaly,"232,150",312.1,"213,092",293.8,"204,092",264.1,"194,148",256.8
ÿJapan,"580,535",309.8,"573,914",306.9,"424,622",234.2,"418,892",232.5
ÿPoland,"109,365",307,"106,060",299.1,"99,535",233.6,"95,977",229.1
ÿGermany,"323,545",306.5,"278,113",274.7,"282,260",249,"251,842",231.2
ÿMalta,"1,529",299.8,"1,444",288.9,"1,326",271.6,"1,294",268
ÿMoldova,"7,985",295.3,"7,329",271.8,"6,831",189.4,"6,048",172.3
ÿGreece,"36,564",295,"35,194",289,"29,139",231.3,"27,982",227.2
ÿFinland,"19,737",294.9,"18,471",281.4,"17,923",266.7,"16,803",257.5
ÿSerbia,"22,910",289.9,"22,062",281.1,"19,129",219.6,"18,534",215.7
ÿCyprus,"3,070",289.9,"2,926",279.3,"3,128",300.1,"2,995",292.9
ÿRussia,"301,496",288.5,"292,425",280.2,"334,064",230.8,"321,850",224.3
ÿAustria,"27,321",287.6,"24,442",265.3,"23,361",235.7,"21,083",223.5
ÿLuxembourg,"1,742",285.8,"1,510",253.9,"1,698",267.2,"1,473",242.1
ÿMongolia,"3,499",280.4,"3,479",278.7,"3,200",202,"3,172",200.1
ÿTurkey,"132,476",273.7,"127,227",263.1,"107,537",192.2,"104,557",187.5
ÿIceland,909,271.7,847,257.2,868,266.8,816,255
ÿMartinique,"1,175",266.9,"1,137",258,882,189.5,838,181.1
ÿPuerto Rico,"7,486",266.6,"7,170",254.2,"6,292",199.7,"6,003",189.8
ÿMontenegro,"1,415",261.9,"1,282",239.6,"1,324",221.1,"1,228",208.3
ÿArmenia,"5,046",257.5,"4,984",254.4,"4,474",163.9,"4,413",161.9
ÿBulgaria,"17,515",253.9,"16,812",245.6,"15,297",203.2,"14,673",198
ÿSouth Korea,"128,045",252.5,"126,189",249,"109,656",228.5,"106,774",224.6
ÿBosnia and Herzegovina,"7,841",251.7,"7,575",243.9,"6,424",194.2,"6,190",189.2
ÿFrench Guiana,341,250.5,325,239.3,248,163.6,238,157.2
ÿIsrael,"14,746",250.3,"14,646",248.7,"15,692",244.1,"15,588",242.7
ÿR‚union,"1,770",248.7,"1,770",248.7,"1,245",163.9,"1,244",163.8
ÿCuba,"26,892",247.4,"24,558",226.8,"22,796",199.1,"21,147",187
ÿFrench Polynesia,477,247.1,477,247.1,400,211.2,400,211.2
ÿGeorgia,"7,253",246.8,"6,996",239.2,"6,436",165.5,"6,188",161.6
ÿSamoa,191,242.1,191,242.1,209,246.3,209,246.3
ÿBrazil,"319,711",240.1,"298,124",224.7,"307,482",197.6,"293,536",190.5
ÿNorth Macedonia,"4,259",239.8,"4,011",227.8,"3,304",180.5,"3,224",177.4
ÿUkraine,"75,825",236.4,"73,902",231,"79,414",182.1,"76,785",178.3
ÿSingapore,"13,342",235.9,"13,070",231.2,"11,908",231,"11,731",228.2
ÿSouth Africa,"52,379",232.4,"46,446",204.5,"58,942",190.4,"54,451",175.8
ÿArgentina,"65,040",231.8,"62,734",224.2,"68,380",208.7,"66,955",205.4
ÿBarbados,578,224.5,568,219.7,542,190.7,536,189.2
ÿChile,"32,800",221.7,"31,026",210.9,"27,076",165.1,"26,056",160.6
ÿNamibia,"1,540",221.4,"1,404",199.4,"1,913",183.1,"1,818",173.5
ÿBahamas,477,214.4,465,208.7,478,177.6,472,175.7
World,"10,311,610",212.6,"9,566,825",198.6,"9,664,889",186.3,"9,175,144",178.9
ÿChina,"2,533,906",209.6,"2,510,278",207.7,"2,290,797",197,"2,265,141",195.2
ÿZimbabwe,"6,505",202.5,"6,334",197.4,"11,220",220.5,"10,978",215.7
ÿJamaica,"3,713",202.5,"3,674",200.3,"3,787",197.4,"3,755",195.8
ÿVenezuela,"31,374",201.6,"28,836",185.7,"31,573",174.5,"29,777",166.5
ÿParaguay,"6,966",199.8,"6,710",192.4,"6,817",187.6,"6,670",183.9
ÿSaint Lucia,265,199.3,265,199.3,183,136.6,183,136.6
ÿTrinidad and Tobago,"1,969",195.5,"1,961",194.6,"1,962",182.1,"1,957",181.7
ÿSuriname,571,195,563,192.4,548,154.8,540,152.5
ÿNorth Korea,"29,398",187.5,"29,255",186.6,"32,135",155,"31,957",154.2
ÿDominican Republic,"10,735",186.7,"10,593",184.4,"9,436",150.5,"9,294",148.3
ÿCosta Rica,"6,808",185.5,"5,954",162.6,"6,517",173.5,"5,863",159.3
ÿGuam,221,185,221,185,191,155.6,191,155.6
ÿPhilippines,"83,064",184.6,"82,394",183.1,"105,912",192.5,"105,412",191.6
ÿKazakhstan,"16,947",184.4,"16,207",176.1,"19,278",152.2,"17,909",142.6
ÿColombia,"56,224",183.3,"54,462",178,"61,396",175.3,"60,111",172.3
ÿPapua New Guinea,"5,389",181.7,"5,021",166.6,"6,801",197.8,"6,470",185.6
ÿAzerbaijan,"9,901",181.2,"9,685",177.4,"8,602",131.8,"8,491",130
ÿVietnam,"95,358",177.1,"94,680",175.9,"85,122",132.3,"84,443",131.4
ÿAlbania,"4,587",176.9,"4,396",170.3,"3,432",147.7,"3,306",143.5
ÿEgypt,"73,611",175.1,"72,519",172.4,"76,967",161.1,"76,120",159.3
ÿBrunei,396,171.7,383,165.9,529,216,519,211.6
ÿLebanon,"6,593",170.8,"6,368",165,"6,441",170.2,"6,322",167.3
ÿIran,"76,441",168.4,"73,512",162,"60,757",129.1,"59,609",126.6
ÿLaos,"4,579",167.9,"4,527",166,"4,522",143.9,"4,466",142
ÿPalestine,"2,506",165.5,"2,472",163.6,"2,524",142.6,"2,506",141.6
ÿPeru,"33,724",164.6,"32,090",157.4,"39,103",185.7,"37,675",180.5
ÿZambia,"6,433",162.6,"6,295",159.5,"8,863",164.8,"8,742",162.6
ÿThailand,"90,333",161.6,"88,596",158.7,"93,208",150.6,"91,741",148.6
ÿHaiti,"7,028",161.3,"6,979",160.2,"6,832",127.8,"6,774",126.7
ÿTunisia,"11,441",159.4,"11,176",155.8,"9,110",115.3,"8,919",113.1
ÿPanama,"4,156",158.3,"4,029",154,"4,197",154.3,"4,081",151
ÿUganda,"15,459",156.2,"15,265",154.5,"20,509",157.7,"20,274",155.8
ÿCambodia,"9,171",152.9,"9,019",150.3,"10,624",130,"10,497",128.4
ÿMorocco,"30,737",150.8,"30,478",149.5,"32,872",150.3,"32,632",149.2
ÿLibya,"4,070",150.8,"4,023",149,"4,101",120.1,"4,076",119.3
ÿFiji,654,150.3,649,149,947,201.1,944,200.4
ÿJordan,"5,694",149.9,"5,601",147.3,"6,634",157.6,"6,563",155.7
ÿChad,"5,605",147.4,"5,582",147,"4,580",94.4,"4,559",94.1
ÿMyanmar,"35,822",147.2,"35,019",143.7,"41,781",129.8,"41,024",127.4
ÿEcuador,"13,890",143.3,"13,245",137,"16,998",163.5,"16,368",158.4
ÿKyrgyzstan,"3,371",143.3,"3,284",138.3,"3,895",117.6,"3,756",113.5
ÿSyria,"10,179",142.7,"9,889",138.5,"11,747",136.9,"11,616",135.3
ÿMexico,"95,954",141.3,"90,818",134.1,"111,200",141.8,"107,715",138.1
ÿMalaysia,"24,892",137.9,"24,568",136.1,"26,758",148,"26,565",147
ÿNicaragua,"3,763",136.4,"3,646",132,"4,646",133.7,"4,596",132.4
ÿIndonesia,"188,395",135.5,"184,093",132.2,"220,266",141.6,"216,727",139.3
ÿMalawi,"7,415",135,"7,243",131.4,"12,431",184.9,"12,232",181.8
ÿKenya,"16,349",133.1,"16,031",130.7,"28,377",168.1,"28,034",166
ÿTanzania,"18,215",132.8,"17,890",130.9,"26,716",151.1,"26,180",148.3
ÿAngola,"10,684",132.3,"10,351",129.3,"13,923",137.3,"13,734",135.7
ÿIraq,"15,824",132,"15,603",130,"21,558",144.1,"21,379",142.7
ÿHonduras,"5,051",131.2,"4,968",129,"5,764",127.7,"5,695",126.2
ÿAlgeria,"29,387",130.6,"28,561",127.1,"35,326",152.2,"34,745",149.8
ÿGuyana,537,130.1,535,129.7,688,157.7,688,157.7
ÿC“te d?Ivoire,"9,795",130,"9,673",128.6,"11,557",143.7,"11,410",142.1
ÿMauritius,"1,269",130,"1,219",125,"1,619",152.6,"1,576",149
ÿBolivia,"7,692",129.6,"7,331",124.2,"9,887",159.4,"9,480",154.6
ÿTurkmenistan,"3,047",128.8,"2,940",123.8,"3,760",121.4,"3,621",116.7
ÿEl Salvador,"4,205",126.5,"4,118",124.1,"5,594",128.4,"5,482",126.3
ÿSao Tome and Principe,77,124.5,76,123.1,67,90.3,67,90.3
ÿBurundi,"3,370",123.5,"3,317",121.7,"4,627",134.6,"4,556",132.5
ÿBangladesh,"94,922",120.8,"94,208",119.9,"72,334",89.5,"71,885",89
ÿGuatemala,"7,783",119.6,"7,562",116.5,"10,018",124.7,"9,742",121.8
ÿMozambique,"10,219",115.4,"9,879",111.9,"16,359",141.4,"15,862",137.5
ÿSolomon Islands,279,114.8,277,114,405,154.4,404,154.1
ÿBotswana,941,114.1,893,108.4,"1,376",119.4,"1,329",115.3
ÿMali,"5,554",113.9,"5,409",111,"9,597",164.5,"9,433",161.6
ÿCameroon,"7,986",113.3,"7,825",111.2,"11,578",139.9,"11,435",138.2
ÿUzbekistan,"16,035",112.9,"15,813",111.2,"19,865",114.6,"19,685",113.5
ÿBurkina Faso,"5,556",112.5,"5,498",111.6,"8,982",138.5,"8,810",135.6
ÿOman,"2,473",111.5,"2,436",109.8,"1,572",107,"1,555",105.6
ÿSri Lanka,"15,733",110.6,"15,491",108.8,"17,510",106,"17,338",105.1
ÿBelize,188,110.1,169,99.5,221,118.2,206,110.3
ÿGuinea,"3,155",108.9,"3,050",105.9,"5,622",124,"5,508",121.3
ÿCape Verde,214,108.6,207,104.5,221,78.3,216,76.8
ÿBenin,"3,468",108.2,"3,399",106.7,"4,028",101.3,"3,966",99.7
ÿLesotho,725,108.1,699,103.1,"1,302",130.4,"1,270",127.6
ÿEswatini,344,107.8,332,104.4,764,173.6,741,168.8
ÿMaldives,248,107.1,242,103.7,231,111.3,229,110.2
ÿGhana,"11,398",106.2,"11,191",104.6,"15,987",135.2,"15,863",134.1
ÿBahrain,654,105.5,646,104.5,729,137.4,727,137
ÿTogo,"2,396",105.4,"2,285",101.6,"3,095",111.1,"3,007",107.9
ÿMadagascar,"8,500",104.9,"8,226",102,"12,797",130.7,"12,467",127.7
ÿAfghanistan,"11,239",103.6,"10,984",100.9,"13,036",110.7,"12,766",108
ÿLiberia,"1,548",102.9,"1,508",100.6,"2,325",128.8,"2,288",126.7
ÿDR Congo,"23,033",100.1,"22,772",99.1,"29,579",107.8,"29,277",106.8
ÿPakistan,"87,568",99.5,"84,755",96.2,"98,180",111.8,"96,183",109.4
ÿSenegal,"4,270",99,"4,140",96.3,"7,571",126.9,"7,421",124.2
ÿKuwait,"2,120",97.8,"2,108",97.3,"2,227",139.1,"2,219",138.6
ÿIndia,"691,178",97.1,"684,166",96.1,"722,138",100.8,"717,555",100.2
ÿCentral African Republic,"1,075",96.7,"1,059",95.2,"1,615",110,"1,597",108.8
ÿGabon,742,96.4,726,94.3,"1,133",134.6,"1,116",132.6
ÿSomalia,"3,998",95.4,"3,878",92.5,"6,683",145.9,"6,545",142.8
ÿVanuatu,105,94,105,94,145,121.7,145,121.7
ÿNigeria,"48,096",93.9,"46,686",91.5,"79,667",133.3,"78,049",130.7
ÿEquatorial Guinea,410,93.7,401,91.6,516,128,509,126.3
ÿComoros,237,92.9,227,90,382,122,372,119.5
ÿTajikistan,"2,949",92.7,"2,880",90.1,"3,518",92,"3,486",91.1
ÿRwanda,"3,287",91.7,"3,231",90.2,"3,835",79.7,"3,735",77.6
ÿMauritania,"1,266",91.4,"1,230",89.2,"2,008",120,"1,972",117.7
ÿBhutan,356,90.5,350,88.8,282,84.5,280,83.9
ÿSouth Sudan,"2,857",89.8,"2,794",87.8,"4,017",109.7,"3,943",107.7
ÿGuinea-Bissau,428,87.4,415,85.4,742,112.7,726,110.3
ÿUnited Arab Emirates,"2,607",86.4,"2,552",84.5,"2,919",157.8,"2,893",156.4
ÿCongo,"1,171",84.2,"1,168",84,"1,556",82.3,"1,549",82
ÿÿÿNepal,"9,792",81.6,"9,684",80.7,"12,216",80.7,"12,082",79.8
ÿSaudi Arabia,"14,745",81,"14,535",79.7,"13,368",100.4,"13,233",99.2
ÿEast Timor,373,80.8,369,79.9,455,89.6,451,88.7
ÿSudan,"11,326",80.6,"11,079",78.7,"17,260",109.7,"16,997",108.1
ÿEritrea,910,78.7,883,76.3,"1,553",119.7,"1,520",117.1
ÿYemen,"7,213",77.8,"7,053",75.7,"9,312",89.2,"9,207",88
ÿEthiopia,"27,713",75.8,"26,588",72.7,"52,621",131.8,"51,202",128.1
ÿGambia,520,74.7,518,74.4,676,83.1,674,82.8
ÿNiger,"4,910",74.2,"4,745",71.7,"6,683",92.8,"6,518",90.5
ÿDjibouti,311,71.6,302,69.6,494,111.3,485,109.2
ÿQatar,"1,093",70.7,"1,085",70.2,640,119.7,634,118.5
ÿSierra Leone,874,39.3,873,39.3,"1,044",34.7,"1,042",34.7
