Country,Male Including NMSC Number,Male Including NMSC Rate,Male Excluding NMSC Number,Male Excluding NMSC Rate,Female Including NMSC Number,Female Including NMSC Rate,Female Excluding NMSC Number,Female Excluding NMSC Rate
ÿMongolia,"2,719",227.5,"2,717",227.3,"2,210",145.5,"2,206",145.2
ÿBelarus,"13,564",192.7,"13,508",191.9,"9,080",79.4,"9,021",79.1
ÿHungary,"17,355",187.9,"17,237",186.8,"15,127",112.2,"15,008",111.6
ÿLithuania,"4,639",181.6,"4,615",180.9,"3,710",88.7,"3,679",88.4
ÿRomania,"32,830",179,"32,475",177.4,"23,386",96.1,"23,152",95.5
ÿLatvia,"3,160",178.5,"3,130",177.1,"2,712",89.5,"2,678",89
ÿMoldova,"4,847",177.5,"4,820",176.5,"3,301",84.7,"3,279",84.3
ÿPoland,"65,742",172.8,"65,245",171.8,"54,250",104.3,"53,737",103.8
ÿCroatia,"8,129",172,"8,079",171.2,"5,725",91.9,"5,658",91.4
ÿTurkey,"82,446",168.3,"82,146",167.7,"47,226",75.8,"46,953",75.5
ÿUruguay,"4,920",168.1,"4,888",167.2,"4,060",101.4,"4,045",101.3
ÿSlovakia,"8,393",166.9,"8,339",165.9,"6,773",95.9,"6,704",95.3
ÿEstonia,"2,201",164.7,"2,187",163.9,"1,885",82.9,"1,862",82.4
ÿSerbia,"13,570",161,"13,436",159.7,"10,311",101.9,"10,210",101.3
ÿArmenia,"3,244",160.3,"3,227",159.5,"2,617",87,"2,597",86.5
ÿRussia,"164,172",153,"163,399",152.3,"147,557",84.9,"146,761",84.6
ÿFrench Polynesia,296,152,296,152,185,94.2,185,94.2
ÿGeorgia,"4,636",151.7,"4,511",148.3,"3,823",84.5,"3,727",83.2
ÿBosnia and Herzegovina,"5,051",151.2,"5,008",150.1,"3,539",87.9,"3,504",87.3
ÿMontenegro,847,149.7,840,148.6,688,98.8,681,98.2
ÿPortugal,"19,510",148.8,"19,382",148.1,"14,252",77.5,"14,121",77.1
ÿBulgaria,"10,763",148.8,"10,659",147.7,"8,031",88,"7,964",87.5
ÿSlovenia,"3,876",147.3,"3,844",146.3,"3,022",92.6,"2,992",92.1
ÿSouth Africa,"30,653",146.3,"30,098",143.6,"33,894",110.6,"33,548",109.4
ÿSamoa,111,144.7,111,144.7,97,113.7,97,113.7
ÿUkraine,"47,415",144.4,"47,126",143.6,"36,738",73.7,"36,456",73.3
ÿNorth Korea,"22,385",143.2,"22,321",142.8,"20,404",93.9,"20,323",93.5
ÿNorth Macedonia,"2,607",143.1,"2,571",141.3,"1,757",86.2,"1,741",85.6
ÿZimbabwe,"4,376",142.3,"4,320",140.2,"7,363",150.9,"7,279",149
ÿNew Caledonia,273,139.8,272,139.5,194,90.8,194,90.8
ÿFrance,"106,921",135.7,"106,262",135.1,"83,691",82.8,"83,204",82.5
ÿCyprus,"1,574",134.8,"1,550",133,"1,263",92.6,"1,256",92.3
ÿNamibia,897,134,856,126.6,"1,043",103.4,"1,017",100.5
ÿCuba,"15,854",133.1,"15,592",131.1,"11,870",91.2,"11,712",90.3
ÿLaos,"3,544",132.9,"3,525",132.2,"2,671",89.4,"2,651",88.6
ÿVietnam,"71,385",132.6,"71,141",132.2,"48,799",72.7,"48,553",72.4
ÿSingapore,"7,659",131.4,"7,643",131.1,"5,618",92.9,"5,605",92.6
ÿCzech Republic,"15,488",129.9,"15,370",129.1,"12,583",82.8,"12,512",82.5
ÿGreece,"19,120",129.7,"19,020",129.3,"13,265",76.4,"13,203",76.3
ÿPhilippines,"56,863",129.3,"56,557",128.6,"56,506",102,"56,274",101.6
ÿChina,"1,629,288",127.5,"1,622,045",127,"944,888",67.8,"938,567",67.4
ÿEgypt,"51,692",127.4,"50,988",125.6,"43,583",92.2,"43,081",91.1
ÿGuam,153,125.8,153,125.8,114,80.9,114,80.9
ÿR‚union,955,125.1,955,125.1,625,70.4,624,70.3
ÿBarbados,381,124.9,381,124.9,357,104.5,356,104.4
ÿKazakhstan,"11,365",123.9,"11,287",123,"9,321",71.6,"9,247",71.2
ÿArgentina,"36,588",123.6,"36,312",122.8,"33,663",88.7,"33,512",88.4
ÿJamaica,"2,423",122.9,"2,417",122.6,"2,209",110.6,"2,206",110.5
ÿAzerbaijan,"6,601",122.8,"6,541",121.7,"4,713",71,"4,685",70.6
ÿCambodia,"7,150",121.9,"7,085",120.7,"6,649",83.4,"6,597",82.7
ÿDenmark,"9,124",119.7,"9,064",119.1,"8,080",95.9,"8,047",95.7
ÿGuadeloupe,533,119.4,533,119.4,419,73.5,418,73.5
ÿBahamas,266,119.2,266,119.2,286,103.3,286,103.3
ÿGermany,"137,826",118.7,"137,070",118.2,"115,344",83.9,"114,805",83.7
ÿPapua New Guinea,"3,274",118.6,"3,127",112.2,"3,926",122.2,"3,806",117.5
ÿPalestine,"1,676",117.5,"1,663",116.5,"1,335",81.5,"1,332",81.3
ÿSpain,"69,442",117.2,"68,969",116.6,"46,148",65.3,"45,839",65.1
ÿNetherlands,"27,172",116.7,"27,087",116.4,"22,618",92.3,"22,566",92.2
ÿAlbania,"3,049",116.6,"3,014",115.5,"1,906",66.3,"1,886",65.9
ÿUganda,"10,708",116.3,"10,619",115.3,"13,921",115.5,"13,821",114.5
ÿMyanmar,"27,518",114.9,"27,200",113.5,"27,323",85.1,"27,018",84.2
ÿSuriname,340,114.8,340,114.8,286,76.1,286,76.1
ÿLibya,"2,920",113.6,"2,903",113,"2,396",74.4,"2,388",74.1
ÿItaly,"103,859",113.3,"103,029",112.6,"89,847",79,"89,198",78.6
ÿNew Zealand,"6,065",112.6,"5,939",110.7,"5,236",90,"5,172",89.2
ÿThailand,"65,100",112.4,"64,523",111.5,"53,729",78.2,"53,237",77.6
ÿBelgium,"16,045",111.7,"15,974",111.3,"12,960",76.6,"12,901",76.4
ÿUnited Kingdom,"97,129",111.3,"96,123",110.3,"84,678",87.6,"84,171",87.3
ÿIran,"50,713",110.8,"50,367",110.1,"36,534",81.4,"36,344",80.9
ÿZambia,"4,121",110.7,"4,077",109.4,"5,649",113.1,"5,617",112.4
ÿSouth Korea,"61,059",110.6,"60,927",110.3,"36,556",51,"36,341",50.8
ÿCanada,"52,714",110.4,"52,127",109.3,"47,751",85,"47,428",84.6
World,"5,427,827",109.8,"5,390,596",109,"4,313,548",76.9,"4,283,820",76.4
ÿFrench Guiana,138,109.7,138,109.7,95,63.6,95,63.6
ÿAustria,"12,167",109.5,"12,069",108.8,"10,214",76.7,"10,137",76.4
ÿIreland,"5,463",109.1,"5,384",107.6,"4,975",90,"4,926",89.4
ÿTrinidad and Tobago,"1,169",109.1,"1,166",108.9,"1,052",89.1,"1,050",89
ÿChile,"16,897",107.8,"16,727",106.8,"14,543",77.6,"14,427",77.2
ÿBrazil,"146,702",107.7,"144,948",106.5,"132,133",79.4,"130,814",78.8
ÿTunisia,"7,761",106.6,"7,680",105.5,"4,819",57.5,"4,770",57
ÿHaiti,"4,595",106.2,"4,576",105.7,"4,419",82.6,"4,396",82.1
ÿKyrgyzstan,"2,454",105.9,"2,431",104.5,"2,218",68,"2,191",67.2
ÿBrunei,229,105.6,229,105.6,235,104.2,235,104.2
ÿMorocco,"21,155",105,"21,056",104.5,"15,792",70.5,"15,698",70.1
ÿVenezuela,"16,346",104.6,"15,964",102.2,"15,391",82.5,"15,108",81.2
ÿChad,"3,937",104.4,"3,932",104.3,"3,320",71.7,"3,316",71.6
ÿSyria,"7,217",103.7,"7,077",101.5,"6,631",80.5,"6,570",79.8
ÿNorway,"6,855",102.1,"6,826",101.7,"6,538",83.5,"6,497",83.2
ÿLebanon,"3,950",101.1,"3,861",98.9,"3,357",85.8,"3,317",85
ÿJapan,"240,823",100.7,"240,225",100.5,"185,455",61.3,"184,800",61.2
ÿDominican Republic,"6,176",100.4,"6,131",99.7,"5,568",85.8,"5,522",85.2
ÿAustralia,"29,368",100.2,"28,848",98.6,"22,516",71.2,"22,278",70.7
ÿParaguay,"3,532",99.8,"3,487",98.6,"3,049",81.8,"3,010",81
ÿMalawi,"5,231",98.8,"5,148",96.7,"8,748",137,"8,654",135.3
ÿKenya,"11,314",98.4,"11,212",97.6,"18,003",112.8,"17,879",112
ÿTanzania,"12,796",97.2,"12,702",96.4,"16,947",100.1,"16,765",98.9
ÿPuerto Rico,"3,212",96.1,"3,179",95.3,"2,584",59.9,"2,567",59.7
ÿMalta,570,96.1,568,95.9,466,69.7,465,69.6
ÿBurundi,"2,431",95.3,"2,409",94.3,"3,329",103.4,"3,298",102.2
ÿFinland,"7,272",95.2,"7,238",94.9,"6,173",67.8,"6,151",67.6
ÿTurkmenistan,"2,183",94.6,"2,163",93.7,"2,273",74.8,"2,257",74.3
ÿJordan,"3,453",94.5,"3,425",93.6,"3,005",75.5,"2,987",75
ÿIndonesia,"128,740",93.9,"127,403",92.9,"114,248",73.9,"113,134",73.1
ÿMartinique,459,93.3,459,93.3,427,68.5,426,68.4
ÿUnited States,"320,641",93.2,"317,177",92.3,"285,120",73.6,"283,793",73.3
ÿMalaysia,"16,980",93.1,"16,845",92.4,"14,653",79.9,"14,575",79.5
ÿIsrael,"6,500",92.9,"6,434",92.2,"6,355",75.5,"6,281",74.9
ÿSweden,"13,208",92.4,"13,139",92,"12,361",80,"12,322",79.8
ÿÿSwitzerland,"10,592",92.3,"10,504",91.8,"8,828",67.6,"8,762",67.3
ÿIraq,"10,403",91.9,"10,335",91.2,"11,133",79.5,"11,093",79.2
ÿAngola,"6,998",91.5,"6,936",90.7,"8,543",90.7,"8,510",90.2
ÿBurkina Faso,"4,344",91.1,"4,327",90.7,"6,654",106.7,"6,576",105.3
ÿIceland,349,90.8,349,90.8,320,77,320,77
ÿC“te d?Ivoire,"6,684",90.5,"6,627",89.7,"7,459",96.8,"7,416",96.1
ÿSaint Lucia,132,89.5,132,89.5,91,63.4,91,63.4
ÿMali,"4,209",89.1,"4,147",87.7,"6,469",115.1,"6,394",113.5
ÿBangladesh,"68,591",87.8,"68,216",87.3,"48,007",60.9,"47,846",60.7
ÿColombia,"27,816",87.6,"27,440",86.5,"28,903",76.9,"28,608",76.3
ÿLuxembourg,576,87.4,573,87,517,68.9,516,68.8
ÿMozambique,"7,391",87.3,"7,244",84.9,"11,629",104.8,"11,479",103.3
ÿHonduras,"3,364",85.5,"3,334",84.7,"3,647",82.6,"3,631",82.3
ÿGuinea,"2,432",85,"2,387",83.4,"3,931",90.3,"3,884",89.1
ÿCosta Rica,"3,246",84.9,"3,194",83.7,"2,826",67.6,"2,800",67.1
ÿNicaragua,"2,306",84,"2,278",82.9,"2,516",72.2,"2,504",71.9
ÿAlgeria,"18,809",82.7,"18,543",81.6,"16,969",73.1,"16,804",72.5
ÿAfghanistan,"8,362",81,"8,258",79.8,"8,561",77.5,"8,454",76.4
ÿFiji,324,80.3,323,79.7,541,117,540,116.6
ÿPeru,"16,790",79.8,"16,590",78.9,"19,144",86.2,"18,960",85.6
ÿCameroon,"5,312",79.7,"5,253",78.8,"7,486",95.8,"7,433",95
ÿBolivia,"4,958",79.5,"4,904",78.7,"6,057",91.2,"6,004",90.7
ÿBenin,"2,470",79.4,"2,444",78.7,"2,599",67.6,"2,574",66.9
ÿMadagascar,"6,048",78.9,"5,937",77.3,"8,222",89.2,"8,097",87.8
ÿSao Tome and Principe,48,78.6,48,78.6,42,60.1,42,60.1
ÿSomalia,"3,104",78.1,"3,032",76.1,"4,934",112.6,"4,854",110.6
ÿLesotho,507,78,496,75.4,904,90.9,893,90
ÿGhana,"8,088",77.6,"8,022",77,"9,856",87.8,"9,816",87.4
ÿUzbekistan,"10,743",77.5,"10,669",77,"11,328",67.3,"11,259",66.9
ÿLiberia,"1,137",76.6,"1,122",75.6,"1,593",91.9,"1,577",90.8
ÿCentral African Republic,821,76.5,811,75.5,"1,202",85.2,"1,192",84.4
ÿEcuador,"7,658",75.9,"7,537",74.8,"8,500",77.1,"8,366",76.1
ÿEswatini,231,75.9,226,74.1,466,110.9,460,109.1
ÿCape Verde,149,75.7,149,75.7,136,48.8,136,48.8
ÿDR Congo,"16,827",75.2,"16,700",74.6,"20,748",78.6,"20,618",78.1
ÿOman,"1,510",75.2,"1,501",74.6,751,57.4,748,57.2
ÿTogo,"1,623",74.7,"1,583",73.1,"1,982",74.4,"1,944",72.8
ÿSenegal,"3,111",74.2,"3,063",73,"5,023",88.1,"4,962",86.9
ÿBhutan,280,72.4,278,71.7,200,61.2,200,61.2
ÿMauritius,715,71.5,715,71.5,754,63.9,754,63.9
ÿPanama,"1,963",71,"1,947",70.4,"1,807",61.9,"1,793",61.5
ÿSolomon Islands,166,70.8,166,70.8,199,78.4,199,78.4
ÿTajikistan,"2,149",70.7,"2,135",70.2,"2,076",58.3,"2,068",58.1
ÿBotswana,552,70.2,542,68.9,725,64.8,716,63.9
ÿSouth Sudan,"2,143",69.8,"2,109",68.5,"2,938",83.3,"2,901",82.1
ÿVanuatu,77,69.8,77,69.8,74,65.2,74,65.2
ÿPakistan,"58,934",68.8,"57,456",67,"59,697",70.8,"58,838",69.7
ÿMaldives,150,68.5,150,68.5,91,48.8,91,48.8
ÿNigeria,"32,905",68.4,"32,271",67,"46,637",81.4,"46,040",80.3
ÿGuatemala,"4,544",68.4,"4,465",67.3,"5,825",73.6,"5,742",72.7
ÿGuinea-Bissau,323,67.9,318,66.8,526,84.3,520,83.2
ÿSri Lanka,"9,820",67.8,"9,724",67.1,"9,325",52.6,"9,268",52.3
ÿMauritania,908,67.4,896,66.5,"1,326",82.6,"1,311",81.6
ÿRwanda,"2,324",67,"2,304",66.4,"2,563",55.8,"2,529",54.9
ÿIndia,"470,055",66.5,"466,780",66,"446,772",62.6,"445,013",62.4
ÿMexico,"46,415",66.5,"45,831",65.7,"49,795",61.4,"49,334",61
ÿComoros,167,65.9,165,65,251,85.2,251,85.2
ÿEl Salvador,"2,290",65.1,"2,268",64.5,"3,002",64.6,"2,971",64.1
ÿEquatorial Guinea,279,64.7,275,63.5,310,82.6,308,81.9
ÿGuyana,271,64.7,271,64.7,341,76.6,341,76.6
ÿGambia,440,64.4,440,64.4,459,61,459,61
ÿYemen,"5,515",63.8,"5,419",62.5,"6,339",64.5,"6,307",64.1
ÿNiger,"4,048",63.3,"3,958",61.8,"4,758",69.1,"4,670",67.6
ÿGabon,480,62.8,477,62.3,614,76.8,611,76.3
ÿBelize,106,62.2,106,62.2,105,57.2,105,57.2
ÿCongo,815,59.2,814,59.2,917,50.3,915,50.2
ÿBahrain,312,59.1,312,59.1,295,62.8,295,62.8
ÿEritrea,652,59,641,57.8,"1,072",84.9,"1,056",83.6
ÿEast Timor,262,59,262,59,255,53,255,53
ÿSudan,"8,001",58.7,"7,839",57.3,"10,503",69.7,"10,377",68.8
ÿÿÿNepal,"6,936",58.1,"6,881",57.6,"7,768",52.5,"7,719",52.2
ÿKuwait,"1,098",58,"1,097",58,870,65.9,870,65.9
ÿEthiopia,"19,731",56.5,"19,200",54.7,"34,967",91.4,"34,261",89.3
ÿDjibouti,237,56.3,233,55.2,335,78.1,331,77
ÿUnited Arab Emirates,"1,283",48.7,"1,268",48.1,"1,000",70.3,996,70.1
ÿSaudi Arabia,"8,050",48.4,"7,992",47.9,"5,349",45,"5,320",44.7
ÿQatar,527,40.2,526,40.1,255,61.8,255,61.8
ÿSierra Leone,633,27.7,633,27.7,701,24.7,701,24.7
