Country,Including NMSC Number, Including NMSC Rate,Excluding NMSC Number,Excluding NMSC Rate
ÿMongolia,"4,929",181.5,"4,923",181.3
ÿZimbabwe,"11,739",144,"11,599",142.1
ÿHungary,"32,482",143.7,"32,245",142.9
ÿPoland,"119,992",133.1,"118,982",132.4
ÿRomania,"56,216",132.5,"55,627",131.5
ÿSerbia,"23,881",128.4,"23,646",127.5
ÿUruguay,"8,980",128.3,"8,933",127.8
ÿSamoa,208,126.3,208,126.3
ÿSlovakia,"15,166",125.7,"15,043",124.9
ÿCroatia,"13,854",125.7,"13,737",125.1
ÿLithuania,"8,349",125,"8,294",124.5
ÿBelarus,"22,644",123.5,"22,529",123
ÿLatvia,"5,872",122.9,"5,808",122.1
ÿMoldova,"8,148",122.8,"8,099",122.1
ÿSouth Africa,"64,547",122.5,"63,646",120.8
ÿFrench Polynesia,481,122.3,481,122.3
ÿMontenegro,"1,535",121.4,"1,521",120.6
ÿPapua New Guinea,"7,200",119.8,"6,933",114.3
ÿMalawi,"13,979",117.9,"13,802",116
ÿSlovenia,"6,898",116.7,"6,836",116
ÿArmenia,"5,861",116.7,"5,824",116.1
ÿJamaica,"4,632",116.6,"4,623",116.4
ÿTurkey,"129,672",116.1,"129,099",115.6
ÿBosnia and Herzegovina,"8,590",116.1,"8,512",115.2
ÿEstonia,"4,086",114.4,"4,049",113.8
ÿBulgaria,"18,794",114.2,"18,623",113.4
ÿNorth Korea,"42,789",113.9,"42,644",113.5
ÿUganda,"24,629",113.9,"24,440",112.9
ÿBarbados,738,113.3,737,113.2
ÿNew Caledonia,467,113.2,466,113
ÿNamibia,"1,940",113,"1,873",108.4
ÿPhilippines,"113,369",112.9,"112,831",112.4
ÿNorth Macedonia,"4,364",112.5,"4,312",111.4
ÿGeorgia,"8,459",111.7,"8,238",109.6
ÿCyprus,"2,837",111.5,"2,806",110.6
ÿSingapore,"13,277",110.8,"13,248",110.5
ÿRussia,"311,729",110.5,"310,160",110
ÿCuba,"27,724",110.2,"27,304",108.9
ÿLaos,"6,215",109.9,"6,176",109.1
ÿZambia,"9,770",109.2,"9,694",108.2
ÿBahamas,552,109.2,552,109.2
ÿPortugal,"33,762",109,"33,503",108.4
ÿEgypt,"95,275",107.7,"94,069",106.3
ÿFrance,"190,612",106.7,"189,466",106.3
ÿDenmark,"17,204",106.5,"17,111",106.1
ÿBrunei,464,104.6,464,104.6
ÿKenya,"29,317",104,"29,091",103.2
ÿCzech Republic,"28,071",103.8,"27,882",103.2
ÿNetherlands,"49,790",103.2,"49,653",103
ÿArgentina,"70,251",102.7,"69,824",102.2
ÿMali,"10,678",102.4,"10,541",100.9
ÿUkraine,"84,153",101.1,"83,582",100.6
ÿGuam,267,101.1,267,101.1
ÿGreece,"32,385",100.6,"32,223",100.3
ÿNew Zealand,"11,301",100.2,"11,111",99
ÿGermany,"253,170",99.7,"251,875",99.4
ÿCambodia,"13,799",99.3,"13,682",98.4
ÿVietnam,"120,184",99,"119,694",98.7
ÿIreland,"10,438",98.7,"10,310",97.7
ÿBurundi,"5,760",98.7,"5,707",97.6
ÿBurkina Faso,"10,998",98.5,"10,903",97.4
ÿFiji,865,98.5,863,98
ÿUnited Kingdom,"181,807",98.3,"180,294",97.6
ÿPalestine,"3,011",98,"2,995",97.4
ÿMyanmar,"54,841",97.1,"54,218",95.9
ÿTanzania,"29,743",97.1,"29,467",96.2
ÿTrinidad and Tobago,"2,221",96.8,"2,216",96.7
ÿChina,"2,574,176",96.5,"2,560,612",96
ÿIran,"87,247",96.5,"86,711",95.9
ÿCanada,"100,465",96.4,"99,555",95.7
ÿMozambique,"19,020",96.3,"18,723",94.5
ÿSomalia,"8,038",95.5,"7,886",93.6
ÿR‚union,"1,580",95.2,"1,579",95.2
ÿItaly,"193,706",94.2,"192,227",93.7
ÿC“te d?Ivoire,"14,143",93.6,"14,043",92.9
ÿThailand,"118,829",93.4,"117,760",92.6
ÿAzerbaijan,"11,314",93.2,"11,226",92.5
ÿGuadeloupe,952,93,951,93
ÿBelgium,"29,005",92.4,"28,875",92.1
ÿLebanon,"7,307",92.3,"7,178",90.8
ÿHaiti,"9,014",92.2,"8,972",91.8
ÿKazakhstan,"20,686",92.1,"20,534",91.5
ÿDominican Republic,"11,744",92,"11,653",91.4
ÿNorway,"13,393",91.8,"13,323",91.5
World,"9,743,832",91.7,"9,674,416",91.1
ÿSuriname,626,91.5,626,91.5
ÿBrazil,"278,835",91.3,"275,762",90.4
ÿVenezuela,"31,737",91.3,"31,072",89.5
ÿAustria,"22,381",91.3,"22,206",90.9
ÿLibya,"5,316",91.1,"5,291",90.6
ÿSyria,"13,848",91,"13,647",89.6
ÿAlbania,"4,955",90.5,"4,900",89.8
ÿChile,"31,440",90.1,"31,154",89.5
ÿAngola,"15,541",90,"15,446",89.5
ÿParaguay,"6,581",89.9,"6,497",88.9
ÿSpain,"115,590",88.8,"114,808",88.4
ÿEswatini,697,88.8,686,87.1
ÿGuinea,"6,363",87.5,"6,271",86.2
ÿCameroon,"12,798",87.3,"12,686",86.5
ÿMalaysia,"31,633",86.3,"31,420",85.7
ÿChad,"7,257",86.2,"7,248",86.1
ÿMorocco,"36,947",85.9,"36,754",85.5
ÿSweden,"25,569",85.2,"25,461",85
ÿBolivia,"11,015",85.1,"10,908",84.4
ÿAustralia,"51,884",84.6,"51,126",83.6
ÿIraq,"21,536",84.4,"21,428",83.9
ÿJordan,"6,458",84.3,"6,412",83.6
ÿLiberia,"2,730",84,"2,699",82.9
ÿMadagascar,"14,270",83.6,"14,034",82.2
ÿHonduras,"7,011",83.3,"6,965",82.7
ÿIsrael,"12,855",83.2,"12,715",82.6
ÿIceland,669,83.2,669,83.2
ÿKyrgyzstan,"4,672",82.8,"4,622",81.8
ÿGhana,"17,944",82.6,"17,838",82.1
ÿFrench Guiana,233,82.6,233,82.6
ÿIndonesia,"242,988",82.5,"240,537",81.7
ÿTurkmenistan,"4,456",82.5,"4,420",81.8
ÿPeru,"35,934",82.4,"35,550",81.6
ÿUnited States,"605,761",82.3,"600,970",81.8
ÿLesotho,"1,411",82,"1,389",80.6
ÿSenegal,"8,134",81.6,"8,025",80.4
ÿMalta,"1,036",81.6,"1,033",81.4
ÿColombia,"56,719",81.4,"56,048",80.6
ÿTunisia,"12,580",80.2,"12,450",79.4
ÿCentral African Republic,"2,023",79.9,"2,003",79
ÿFinland,"13,445",79.8,"13,389",79.6
ÿMartinique,886,79.3,885,79.3
ÿÿSwitzerland,"19,420",78.8,"19,266",78.4
ÿAfghanistan,"16,923",78.7,"16,712",77.5
ÿJapan,"426,278",78.6,"425,025",78.5
ÿAlgeria,"35,778",77.7,"35,347",76.8
ÿLuxembourg,"1,093",77.3,"1,089",77.1
ÿSouth Korea,"97,615",77,"97,268",76.8
ÿNicaragua,"4,822",76.8,"4,782",76.1
ÿGuinea-Bissau,849,76.5,838,75.3
ÿSouth Sudan,"5,081",76.3,"5,010",75.1
ÿDR Congo,"37,575",76.2,"37,318",75.6
ÿSaint Lucia,223,76.1,223,76.1
ÿEcuador,"16,158",76,"15,903",74.9
ÿCosta Rica,"6,072",75.3,"5,994",74.5
ÿComoros,418,75.3,416,74.9
ÿPuerto Rico,"5,796",75,"5,746",74.5
ÿMauritania,"2,234",74.8,"2,207",73.8
ÿBangladesh,"116,598",74.7,"116,062",74.3
ÿNigeria,"79,542",74.6,"78,311",73.4
ÿSolomon Islands,365,74.6,365,74.6
ÿEthiopia,"54,698",74.5,"53,461",72.6
ÿTogo,"3,605",74,"3,527",72.3
ÿEritrea,"1,724",72.5,"1,697",71.3
ÿEquatorial Guinea,589,72.1,583,71.2
ÿBenin,"5,069",71.6,"5,018",70.9
ÿUzbekistan,"22,071",71.5,"21,928",71
ÿGuatemala,"10,369",71.1,"10,207",70.1
ÿGuyana,612,70.2,612,70.2
ÿPakistan,"118,631",69.8,"116,294",68.4
ÿGabon,"1,094",69.5,"1,088",69
ÿSao Tome and Principe,90,68,90,68
ÿVanuatu,151,67.8,151,67.8
ÿBhutan,480,67.2,478,66.8
ÿDjibouti,572,66.7,564,65.7
ÿMauritius,"1,469",66.6,"1,469",66.6
ÿOman,"2,261",66.3,"2,249",65.8
ÿNiger,"8,806",66.1,"8,628",64.7
ÿBotswana,"1,277",66.1,"1,258",65
ÿPanama,"3,770",65.7,"3,740",65.3
ÿEl Salvador,"5,292",64.7,"5,239",64.2
ÿIndia,"916,827",64.4,"911,793",64
ÿSudan,"18,504",64.4,"18,216",63.3
ÿTajikistan,"4,225",63.9,"4,203",63.5
ÿYemen,"11,854",63.7,"11,726",62.9
ÿMexico,"96,210",63.5,"95,165",62.9
ÿGambia,899,62.7,899,62.7
ÿKuwait,"1,968",60.2,"1,967",60.1
ÿBelize,211,59.9,211,59.9
ÿRwanda,"4,887",59.4,"4,833",58.7
ÿSri Lanka,"19,145",59,"18,992",58.5
ÿMaldives,241,58.8,241,58.8
ÿBahrain,607,58.6,607,58.6
ÿCape Verde,285,58.3,285,58.3
ÿEast Timor,517,55.4,517,55.4
ÿÿÿNepal,"14,704",55.3,"14,600",54.9
ÿUnited Arab Emirates,"2,283",54.4,"2,264",53.9
ÿCongo,"1,732",52.9,"1,729",52.8
ÿSaudi Arabia,"13,399",46.2,"13,312",45.8
ÿQatar,782,46.2,781,46.1
ÿSierra Leone,"1,334",25.5,"1,334",25.5
